,Title,Latitude,Longitude,Profit_Return
0,Insidious,34.0393451,-118.2596387,66.58059066666667
1,Insidious,34.0547919,-118.3690906,66.58059066666667
2,Insidious,34.046743,-118.3304583,66.58059066666667
3,Insidious,34.0522342,-118.2436849,66.58059066666667
4,Split,39.9720828,-75.1958487,55.7929612
5,Split,39.96138759999999,-75.1463394,55.7929612
6,Split,39.8526059,-75.40776,55.7929612
7,Split,39.9557799,-75.1819683,55.7929612
8,Split,40.14161610000001,-75.5481963,55.7929612
9,Split,40.0583238,-74.4056612,55.7929612
10,Split,39.9525839,-75.1652215,55.7929612
11,Split,41.2033216,-77.1945247,55.7929612
12,Split,37.09024,-95.712891,55.7929612
13,Get Out,30.5229719,-87.9033261,51.0735902
14,Get Out,30.4623277,-87.9047034,51.0735902
15,Get Out,32.3182314,-86.902298,51.0735902
16,Get Out,30.6953657,-88.0398912,51.0735902
17,Get Out,30.6889422,-88.0935642,51.0735902
18,Moonlight,25.9761609,-80.2619686,43.497008
19,Moonlight,25.8413767,-80.1841796,43.497008
20,Moonlight,25.7616798,-80.1917902,43.497008
21,Moonlight,25.8317637,-80.2167149,43.497008
22,Moonlight,25.7399644,-80.15681339999999,43.497008
23,Dangal,18.5204303,73.8567437,31.01627557894737
24,Dangal,30.900965,75.8572758,31.01627557894737
25,Dangal,28.7040592,77.10249019999999,31.01627557894737
26,Lights Out,34.0522342,-118.2436849,29.761302
27,Sinister,40.789142,-73.13496099999999,29.242602333333334
28,Sinister,34.0522342,-118.2436849,29.242602333333334
29,Sinister,40.8577744,-73.7146169,29.242602333333334
30,Sinister,40.8094525,-73.53214419999999,29.242602333333334
31,A Ghost Story,32.8140177,-96.9488945,27.69782
32,A Ghost Story,32.7554883,-97.3307658,27.69782
33,A Ghost Story,32.7554883,-97.3307658,27.69782
34,A Ghost Story,31.9685988,-99.9018131,27.69782
35,A Ghost Story,32.7766642,-96.79698789999999,27.69782
36,A Ghost Story,37.09024,-95.712891,27.69782
37,You're Next,38.9517053,-92.3340724,26.887177
38,You're Next,38.9561031,-92.3080907,26.887177
39,Your Sister's Sister,48.5984022,-122.9948641,25.754941666666667
40,Your Sister's Sister,48.51260449999999,-122.6126718,25.754941666666667
41,Your Sister's Sister,47.6062095,-122.3320708,25.754941666666667
42,Your Sister's Sister,47.4682693,-122.3463508,25.754941666666667
43,The Fault in Our Stars,52.3675734,4.9041389,25.597236166666665
44,The Fault in Our Stars,40.52250799999999,-79.8307466,25.597236166666665
45,The Fault in Our Stars,40.44062479999999,-79.9958864,25.597236166666665
46,The Fault in Our Stars,52.3659909,4.8856598,25.597236166666665
47,The Fault in Our Stars,40.5234488,-79.8256035,25.597236166666665
48,The Fault in Our Stars,52.363889,4.881302,25.597236166666665
49,The Fault in Our Stars,52.3607602,4.871264399999999,25.597236166666665
50,The Fault in Our Stars,52.3599976,4.8852188,25.597236166666665
51,The Fault in Our Stars,52.3675493,4.886165699999999,25.597236166666665
52,The Fault in Our Stars,40.495015,-80.06039009999999,25.597236166666665
53,The Fault in Our Stars,52.3752182,4.8839765,25.597236166666665
54,The Fault in Our Stars,52.132633,5.291265999999999,25.597236166666665
55,The Fault in Our Stars,37.09024,-95.712891,25.597236166666665
56,The Fault in Our Stars,40.4620483,-79.9733055,25.597236166666665
57,The Fault in Our Stars,40.5694411,-79.9088654,25.597236166666665
58,The Fault in Our Stars,40.44808099999999,-79.9382868,25.597236166666665
59,The Fault in Our Stars,40.4279566,-79.8193658,25.597236166666665
60,The Fault in Our Stars,40.42451519999999,-79.8247719,25.597236166666665
61,The Fault in Our Stars,40.3707678,-80.05017819999999,25.597236166666665
62,The Fault in Our Stars,40.467569,-79.96060779999999,25.597236166666665
63,The Fault in Our Stars,40.5246308,-79.84069989999999,25.597236166666665
64,Black Swan,41.0485661,-73.70523039999999,25.482054615384616
65,Black Swan,40.7045583,-74.0138597,25.482054615384616
66,Black Swan,40.6712062,-73.9636306,25.482054615384616
67,Black Swan,40.7724641,-73.9834889,25.482054615384616
68,Black Swan,40.7830603,-73.9712488,25.482054615384616
69,Black Swan,40.81241989999999,-73.96053429999999,25.482054615384616
70,Black Swan,40.7127753,-74.0059728,25.482054615384616
71,Black Swan,40.6996948,-73.9425116,25.482054615384616
72,Billy Elliot,51.496876,-0.1425189,21.850749
73,Billy Elliot,52.110812,4.283151,21.850749
74,10 Cloverfield Lane,29.95106579999999,-90.0715323,21.6572844
75,10 Cloverfield Lane,29.9711111,-90.4076759,21.6572844
76,La La Land,34.1184341,-118.3003935,21.31755815
77,La La Land,33.8618335,-118.4010457,21.31755815
78,La La Land,33.8612058,-118.4055426,21.31755815
79,La La Land,34.0511238,-118.2498944,21.31755815
80,La La Land,33.7700504,-118.1937395,21.31755815
81,La La Land,34.0982596,-118.3684936,21.31755815
82,La La Land,33.9388598,-118.2419477,21.31755815
83,La La Land,33.9267409,-118.3028121,21.31755815
84,La La Land,34.1140056,-118.1505889,21.31755815
85,La La Land,34.144553,-118.1645887,21.31755815
86,La La Land,33.7689995,-118.1865188,21.31755815
87,La La Land,34.1236373,-118.3017564,21.31755815
88,La La Land,34.0671359,-118.3258527,21.31755815
89,La La Land,34.0970697,-118.3266724,21.31755815
90,La La Land,34.101334,-118.3308852,21.31755815
91,La La Land,34.05065,-118.2487972,21.31755815
92,La La Land,34.1455215,-118.341308,21.31755815
93,La La Land,34.0671583,-118.2387308,21.31755815
94,La La Land,34.0763,-118.3688492,21.31755815
95,La La Land,34.165874,-118.3544089,21.31755815
96,La La Land,33.7689963,-118.1706056,21.31755815
97,La La Land,34.0905991,-118.3246754,21.31755815
98,La La Land,34.3916641,-118.542586,21.31755815
99,La La Land,34.149365,-118.337742,21.31755815
100,La La Land,34.0817802,-118.3891144,21.31755815
101,La La Land,34.0763,-118.3688492,21.31755815
102,La La Land,34.0978781,-118.3204198,21.31755815
103,La La Land,34.059311,-118.2999549,21.31755815
104,La La Land,34.0327381,-118.3571244,21.31755815
105,La La Land,34.223295,-118.454551,21.31755815
106,La La Land,34.0897788,-118.3355073,21.31755815
107,La La Land,34.06047940000001,-118.2807571,21.31755815
108,La La Land,34.0471043,-118.2479757,21.31755815
109,La La Land,34.0522342,-118.2436849,21.31755815
110,La La Land,34.153285,-118.5009482,21.31755815
111,La La Land,34.1331115,-118.485233,21.31755815
112,La La Land,34.1333471,-118.1683342,21.31755815
113,La La Land,34.4079791,-118.546808,21.31755815
114,La La Land,34.2183389,-118.6402278,21.31755815
115,La La Land,34.2001189,-118.4552054,21.31755815
116,La La Land,34.1686778,-118.0963514,21.31755815
117,La La Land,37.09024,-95.712891,21.31755815
118,La La Land,34.0804819,-118.412294,21.31755815
119,It,44.8016128,-68.7712257,19.927370542857144
120,It,43.683715,-80.43054269999999,19.927370542857144
121,It,43.8970929,-78.86579119999999,19.927370542857144
122,It,43.9491784,-78.2934468,19.927370542857144
123,It,43.653226,-79.3831843,19.927370542857144
124,It,43.6714675,-79.3421992,19.927370542857144
125,It,43.586796,-80.48237499999999,19.927370542857144
126,It,43.2557206,-79.8711024,19.927370542857144
127,It,43.83841169999999,-79.0867579,19.927370542857144
128,It,43.6491712,-79.3429501,19.927370542857144
129,It,43.7030434,-79.5150597,19.927370542857144
130,It,56.130366,-106.346771,19.927370542857144
131,It,49.2827291,-123.1207375,19.927370542857144
132,It,37.09024,-95.712891,19.927370542857144
133,It,41.8781136,-87.6297982,19.927370542857144
134,A Quiet Place,43.0434039,-74.8595957,19.677782
135,A Quiet Place,41.5796695,-73.5829689,19.677782
136,A Quiet Place,41.7475933,-74.0868095,19.677782
137,A Quiet Place,41.5048158,-73.9695832,19.677782
138,Fruitvale Station,37.8043514,-122.2711639,19.499605555555554
139,Fruitvale Station,37.7257663,-122.1568554,19.499605555555554
140,Fruitvale Station,37.9386291,-122.4898472,19.499605555555554
141,Fruitvale Station,37.7749295,-122.4194155,19.499605555555554
142,Fruitvale Station,36.778261,-119.4179324,19.499605555555554
143,Fruitvale Station,37.09024,-95.712891,19.499605555555554
144,Courageous,31.5785074,-84.15574099999999,17.592942
145,Blue Valentine,41.5736935,-75.5018508,16.56624
146,Blue Valentine,41.408969,-75.66241219999999,16.56624
147,Blue Valentine,41.6017554,-75.1498943,16.56624
148,Blue Valentine,40.7127753,-74.0059728,16.56624
149,Blue Valentine,41.2033216,-77.1945247,16.56624
150,Blue Valentine,37.09024,-95.712891,16.56624
151,Blue Valentine,41.5767552,-75.25878709999999,16.56624
152,Blue Valentine,40.1012856,-75.3835525,16.56624
153,Blue Valentine,40.0415996,-75.3698895,16.56624
154,Blue Valentine,40.7127753,-74.0059728,16.56624
155,Blue Valentine,40.6781784,-73.9441579,16.56624
156,Blue Valentine,40.7830603,-73.9712488,16.56624
157,Blue Valentine,41.5741932,-75.26131459999999,16.56624
158,Blue Valentine,40.7282239,-73.7948516,16.56624
159,Bohemian Rhapsody,51.7220861,-0.5491522999999999,16.272460763636364
160,Bohemian Rhapsody,51.4841241,-0.3287114,16.272460763636364
161,Bohemian Rhapsody,51.3716269,-0.457904,16.272460763636364
162,Bohemian Rhapsody,51.3853664,-0.3063521,16.272460763636364
163,Bohemian Rhapsody,51.5038011,-0.09806419999999999,16.272460763636364
164,Bohemian Rhapsody,51.5073509,-0.1277583,16.272460763636364
165,Bohemian Rhapsody,22.3193039,114.1693611,16.272460763636364
166,Bohemian Rhapsody,51.5788297,-0.1222021,16.272460763636364
167,Bohemian Rhapsody,48.1351253,11.5819805,16.272460763636364
168,Bohemian Rhapsody,48.138631,11.5736254,16.272460763636364
169,Bohemian Rhapsody,52.3555177,-1.1743197,16.272460763636364
170,Bohemian Rhapsody,48.7904472,11.4978895,16.272460763636364
171,Bohemian Rhapsody,55.378051,-3.435973,16.272460763636364
172,Bohemian Rhapsody,51.165691,10.451526,16.272460763636364
173,Bohemian Rhapsody,51.44458100000001,-0.335246,16.272460763636364
174,The Conjuring,35.7595731,-79.01929969999999,15.90000705
175,The Conjuring,34.2103894,-77.8868117,15.90000705
176,The Conjuring,34.426504,-78.14399759999999,15.90000705
177,The Conjuring,34.4626671,-78.1011055,15.90000705
178,Wonder,49.2987281,-122.8411387,15.2302356
179,Wonder,49.2827291,-123.1207375,15.2302356
180,Wonder,49.2367467,-123.1360404,15.2302356
181,Wonder,49.28164169999999,-123.0362188,15.2302356
182,Wonder,49.2819295,-123.1219182,15.2302356
183,Wonder,40.7830603,-73.9712488,15.2302356
184,Wonder,40.5755438,-73.9707016,15.2302356
185,Wonder,49.2829607,-123.1204715,15.2302356
186,Wonder,41.7787791,-87.71540309999999,15.2302356
187,Wonder,40.7724641,-73.9834889,15.2302356
188,Wonder,40.6710672,-73.98142279999999,15.2302356
189,Wonder,40.7579747,-73.9855426,15.2302356
190,The Imitation Game,50.9473004,-2.517117,15.182697533333334
191,The Imitation Game,51.91581799999999,-1.136398,15.182697533333334
192,The Imitation Game,51.709401,-0.612333,15.182697533333334
193,The Imitation Game,51.5320013,-0.1233234,15.182697533333334
194,The Imitation Game,50.9473004,-2.517117,15.182697533333334
195,The Imitation Game,51.9976597,-0.7406863,15.182697533333334
196,The Imitation Game,51.5175079,-0.1199355,15.182697533333334
197,The Imitation Game,51.5737315,-0.9890414999999999,15.182697533333334
198,The Imitation Game,51.5073509,-0.1277583,15.182697533333334
199,The Imitation Game,51.509564,-0.397815,15.182697533333334
200,Like Crazy,51.5073509,-0.1277583,14.9136
201,Like Crazy,33.3428193,-118.3282279,14.9136
202,Like Crazy,34.0522342,-118.2436849,14.9136
203,Like Crazy,34.0099215,-118.4960063,14.9136
204,Like Crazy,34.2410366,-118.5276745,14.9136
205,Like Crazy,33.9436059,-118.4093731,14.9136
206,Dragon Ball Super: Broly,35.6761919,139.6503106,14.440912352941176
207,Boyhood,30.267153,-97.7430608,14.31826225
208,Boyhood,30.3080239,-98.2576738,14.31826225
209,Boyhood,29.8832749,-97.9413941,14.31826225
210,Boyhood,29.7604267,-95.3698028,14.31826225
211,Boyhood,29.4703682,-103.95784,14.31826225
212,Boyhood,29.7221004,-95.389614,14.31826225
213,Boyhood,29.321586,-103.6160191,14.31826225
214,Boyhood,29.7572694,-95.3555143,14.31826225
215,Boyhood,30.0873153,-97.501432,14.31826225
216,Boyhood,30.3636948,-103.6497628,14.31826225
217,Boyhood,29.2499017,-103.2501638,14.31826225
218,Boyhood,30.3636948,-103.6497628,14.31826225
219,Boyhood,31.9685988,-99.9018131,14.31826225
220,Boyhood,29.721477,-95.38972369999999,14.31826225
221,Boyhood,30.3290019,-97.73149959999999,14.31826225
222,Boyhood,30.2109429,-97.8784053,14.31826225
223,Boyhood,30.3584919,-103.6610115,14.31826225
224,Boyhood,37.09024,-95.712891,14.31826225
225,Green Book,30.140658,-90.935071,14.001497347826087
226,Green Book,29.93991329999999,-90.11889939999999,14.001497347826087
227,Green Book,29.90633589999999,-89.9543927,14.001497347826087
228,Green Book,30.3615474,-90.05857089999999,14.001497347826087
229,Green Book,40.7651258,-73.97992359999999,14.001497347826087
230,Green Book,29.9512357,-90.06892769999999,14.001497347826087
231,Green Book,29.974471,-90.1570814,14.001497347826087
232,Green Book,29.967103,-90.076661,14.001497347826087
233,Green Book,29.9602875,-90.0640176,14.001497347826087
234,Green Book,29.9568518,-90.0713887,14.001497347826087
235,Green Book,30.5042309,-90.45946939999999,14.001497347826087
236,Green Book,29.954465,-90.072813,14.001497347826087
237,Green Book,29.9543428,-90.0722983,14.001497347826087
238,Green Book,30.7265747,-90.50898149999999,14.001497347826087
239,Green Book,29.9603297,-90.06279819999999,14.001497347826087
240,Green Book,29.95654439999999,-90.0725806,14.001497347826087
241,Green Book,32.8406946,-83.6324022,14.001497347826087
242,Green Book,29.926624,-90.10594359999999,14.001497347826087
243,Green Book,30.9842977,-91.96233269999999,14.001497347826087
244,Green Book,30.1388095,-90.9239868,14.001497347826087
245,Green Book,29.9584426,-90.0644107,14.001497347826087
246,Green Book,29.95106579999999,-90.0715323,14.001497347826087
247,Green Book,30.5043583,-90.46119949999999,14.001497347826087
248,Green Book,29.9840922,-90.1528519,14.001497347826087
249,Green Book,37.09024,-95.712891,14.001497347826087
250,Deadpool,49.2827291,-123.1207375,13.810786086206896
251,Deadpool,49.28305140000001,-123.099956,13.810786086206896
252,Deadpool,48.4342047,-123.4739689,13.810786086206896
253,Deadpool,42.331427,-83.0457538,13.810786086206896
254,Deadpool,49.2771839,-123.1050337,13.810786086206896
255,Deadpool,56.130366,-106.346771,13.810786086206896
256,Deadpool,49.2828502,-123.0974253,13.810786086206896
257,Deadpool,49.2801149,-123.1058197,13.810786086206896
258,Deadpool,49.1913466,-122.8490125,13.810786086206896
259,The Best Exotic Marigold Hotel,26.9124336,75.7872709,13.463978
260,The Best Exotic Marigold Hotel,26.872221,75.94950039999999,13.463978
261,The Best Exotic Marigold Hotel,24.585445,73.712479,13.463978
262,The Best Exotic Marigold Hotel,51.8860181,0.2388661,13.463978
263,The Best Exotic Marigold Hotel,20.593684,78.96288,13.463978
264,"Three Billboards Outside Ebbing, Missouri",35.3737111,-83.22598029999999,13.34932625
265,"Three Billboards Outside Ebbing, Missouri",35.6178951,-82.3212302,13.34932625
266,"Three Billboards Outside Ebbing, Missouri",35.7595731,-79.01929969999999,13.34932625
267,"Three Billboards Outside Ebbing, Missouri",35.5181575,-83.0976419,13.34932625
268,"Three Billboards Outside Ebbing, Missouri",35.3692665,-83.2523705,13.34932625
269,"Three Billboards Outside Ebbing, Missouri",35.3137111,-83.1765333,13.34932625
270,"Three Billboards Outside Ebbing, Missouri",35.5950581,-82.5514869,13.34932625
271,"Three Billboards Outside Ebbing, Missouri",35.5334379,-82.910691,13.34932625
272,"Three Billboards Outside Ebbing, Missouri",35.3735955,-83.2234177,13.34932625
273,"Three Billboards Outside Ebbing, Missouri",37.09024,-95.712891,13.34932625
274,Kevin Hart: Let Me Explain,40.7505045,-73.9934387,12.930902
275,Beasts of the Southern Wild,29.2299682,-90.7532809,12.925073333333334
276,Beasts of the Southern Wild,29.4743852,-90.55703079999999,12.925073333333334
277,Beasts of the Southern Wild,29.95106579999999,-90.0715323,12.925073333333334
278,Beasts of the Southern Wild,30.9842977,-91.96233269999999,12.925073333333334
279,Beasts of the Southern Wild,37.09024,-95.712891,12.925073333333334
280,Us,36.9741171,-122.0307963,12.7105155
281,Us,34.0522342,-118.2436849,12.7105155
282,Us,36.9636818,-122.0183616,12.7105155
283,Us,36.778261,-119.4179324,12.7105155
284,Us,37.09024,-95.712891,12.7105155
285,Lion,21.8349615,76.3593872,12.464226666666667
286,Lion,22.572646,88.36389500000001,12.464226666666667
287,Lion,-42.89,147.23,12.464226666666667
288,Lion,-42.8265569,147.856063,12.464226666666667
289,Lion,-42.8821377,147.3271949,12.464226666666667
290,Lion,-43.3937074,147.2679116,12.464226666666667
291,Lion,-37.8136276,144.9630576,12.464226666666667
292,Lion,-43.1463889,148.0019445,12.464226666666667
293,Lion,-43.55,146.9,12.464226666666667
294,Lion,22.5839456,88.3434068,12.464226666666667
295,Lion,20.593684,78.96288,12.464226666666667
296,Lion,-25.274398,133.775136,12.464226666666667
297,Glass,31.9685988,-99.9018131,12.26517525
298,Glass,29.79466409999999,-98.7319703,12.26517525
299,Glass,40.6153745,-75.42987509999999,12.26517525
300,Glass,39.9931412,-75.1032944,12.26517525
301,Glass,-30.0346471,-51.2176584,12.26517525
302,Glass,39.9491222,-75.170749,12.26517525
303,Glass,41.2033216,-77.1945247,12.26517525
304,Glass,37.09024,-95.712891,12.26517525
305,I Can Only Imagine,35.4675602,-97.5164276,12.22917442857143
306,I Can Only Imagine,35.5322741,-97.9550493,12.22917442857143
307,I Can Only Imagine,35.5658936,-97.2869781,12.22917442857143
308,I Can Only Imagine,35.5067215,-97.76254410000001,12.22917442857143
309,I Can Only Imagine,35.4420062,-97.4408698,12.22917442857143
310,I Can Only Imagine,35.5186678,-97.63226390000001,12.22917442857143
311,The Grace Card,35.1495343,-90.0489801,12.153675
312,Dallas Buyers Club,29.95106579999999,-90.0715323,12.122369
313,Another Earth,41.2705484,-72.9469711,12.01588
314,Another Earth,41.308274,-72.9278835,12.01588
315,Whiplash,34.3916641,-118.542586,11.80879909090909
316,Whiplash,34.0522342,-118.2436849,11.80879909090909
317,Whiplash,34.0425,-118.2555556,11.80879909090909
318,The Fighter,42.6334247,-71.31617179999999,11.751126181818181
319,The Fighter,42.6337811,-71.322721,11.751126181818181
320,The Fighter,42.632492,-71.30330649999999,11.751126181818181
321,The Fighter,47.250062,-122.472665,11.751126181818181
322,The Fighter,42.4473497,-71.2271531,11.751126181818181
323,The Fighter,42.4072107,-71.3824374,11.751126181818181
324,The Fighter,34.0522342,-118.2436849,11.751126181818181
325,The Fighter,37.09024,-95.712891,11.751126181818181
326,The Fighter,36.778261,-119.4179324,11.751126181818181
327,It Follows,42.4174271,-83.2575454,11.6253775
328,It Follows,42.5032009,-83.1926343,11.6253775
329,It Follows,42.3586502,-82.9795303,11.6253775
330,It Follows,42.5355929,-83.1481951,11.6253775
331,It Follows,42.4343119,-83.4755551,11.6253775
332,It Follows,42.4141556,-83.1379932,11.6253775
333,It Follows,42.5803122,-83.0302033,11.6253775
334,It Follows,42.5784233,-83.02345179999999,11.6253775
335,It Follows,42.331427,-83.0457538,11.6253775
336,It Follows,42.3794008,-83.028669,11.6253775
337,It Follows,44.3148443,-85.60236429999999,11.6253775
338,It Follows,42.5925769,-83.1147802,11.6253775
339,The Witch,46.092898,-78.885035,11.558434285714286
340,Five Feet Apart,29.95106579999999,-90.0715323,11.500631571428572
341,The Sessions,37.7749295,-122.4194155,11.495204
342,Silver Linings Playbook,39.9634028,-75.28165150000001,11.257735857142857
343,Silver Linings Playbook,39.8757672,-75.3199966,11.257735857142857
344,Silver Linings Playbook,39.9487723,-75.1543003,11.257735857142857
345,Silver Linings Playbook,39.900789,-75.1674341,11.257735857142857
346,Silver Linings Playbook,40.1316746,-75.3442802,11.257735857142857
347,Silver Linings Playbook,39.939393,-75.2721519,11.257735857142857
348,Silver Linings Playbook,39.9493831,-75.1551309,11.257735857142857
349,Silver Linings Playbook,39.9689079,-75.2929516,11.257735857142857
350,Silver Linings Playbook,46.8694494,-113.8724093,11.257735857142857
351,Silver Linings Playbook,37.09024,-95.712891,11.257735857142857
352,Silver Linings Playbook,39.8947245,-75.3352737,11.257735857142857
353,Silver Linings Playbook,38.9108325,-75.52766989999999,11.257735857142857
354,Ted,42.3437118,-71.0833588,11.12033254
355,Ted,42.3556187,-71.0788876,11.12033254
356,Ted,42.3467364,-71.0718314,11.12033254
357,Ted,42.3894272,-71.0422785,11.12033254
358,Ted,42.3466764,-71.0972178,11.12033254
359,Ted,42.3591346,-71.0497542,11.12033254
360,Ted,42.4719387,-70.8930326,11.12033254
361,Ted,42.3554331,-71.0640442,11.12033254
362,Ted,42.39203639999999,-71.0342229,11.12033254
363,Ted,42.3881075,-71.0422177,11.12033254
364,Ted,42.3455392,-71.0871356,11.12033254
365,Ted,42.3917638,-71.0328284,11.12033254
366,Ted,42.19439089999999,-71.19896949999999,11.12033254
367,Ted,42.3600825,-71.0588801,11.12033254
368,Ted,42.4072107,-71.3824374,11.12033254
369,Ted,39.2853928,-76.6083984,11.12033254
370,Ted,42.350758,-71.0662,11.12033254
371,Ted,37.09024,-95.712891,11.12033254
372,Ted,42.1915826,-71.2286963,11.12033254
373,Ted,42.348811,-71.07786,11.12033254
374,Ted,42.3408017,-71.0676489,11.12033254
375,Ted,42.343135,-71.079137,11.12033254
376,The Big Sick,41.8781136,-87.6297982,10.794572
377,Jumanji: Welcome to the Jungle,21.3069444,-157.8583333,10.716624366666666
378,Jumanji: Welcome to the Jungle,19.7241106,-155.0868193,10.716624366666666
379,Jumanji: Welcome to the Jungle,33.5700697,-84.5357744,10.716624366666666
380,Jumanji: Welcome to the Jungle,19.8967662,-155.5827818,10.716624366666666
381,Jumanji: Welcome to the Jungle,34.3916641,-118.542586,10.716624366666666
382,Jumanji: Welcome to the Jungle,33.6892491,-84.57580349999999,10.716624366666666
383,Jumanji: Welcome to the Jungle,33.7995897,-84.3789901,10.716624366666666
384,Jumanji: Welcome to the Jungle,33.7489954,-84.3879824,10.716624366666666
385,Jumanji: Welcome to the Jungle,32.1656221,-82.9000751,10.716624366666666
386,Jumanji: Welcome to the Jungle,37.09024,-95.712891,10.716624366666666
387,Rosemary's Baby,41.8781136,-87.6297982,10.436070625
388,Me Before You,51.6769031,-4.920533799999999,10.4132599
389,Me Before You,39.9265788,3.1441509,10.4132599
390,Me Before You,51.3733817,-0.3619987,10.4132599
391,Me Before You,51.6744742,-0.5332743999999999,10.4132599
392,Me Before You,51.5487876,-0.5322406,10.4132599
393,Me Before You,48.856614,2.3522219,10.4132599
394,Me Before You,48.856614,2.3522219,10.4132599
395,Me Before You,51.674043,-4.908637,10.4132599
396,Chronicle,-34.0281186,18.7180803,10.306815833333333
397,Chronicle,49.2252683,-123.0448879,10.306815833333333
398,Chronicle,-33.9199994,18.4305044,10.306815833333333
399,Chronicle,47.6062095,-122.3320708,10.306815833333333
400,Chronicle,49.2827291,-123.1207375,10.306815833333333
401,Chronicle,53.7266683,-127.6476205,10.306815833333333
402,Chronicle,56.130366,-106.346771,10.306815833333333
403,Chronicle,-30.559482,22.937506,10.306815833333333
404,Chronicle,37.09024,-95.712891,10.306815833333333
405,The Maze Runner,30.4514677,-91.18714659999999,10.244701794117647
406,The Maze Runner,30.8374036,-91.2176087,10.244701794117647
407,The Maze Runner,30.79080059999999,-91.21251869999999,10.244701794117647
408,The Shape of Water,43.2557206,-79.8711024,10.040553538461538
409,The Shape of Water,43.6495907,-79.4203852,10.040553538461538
410,The Shape of Water,43.653226,-79.3831843,10.040553538461538
411,The Shape of Water,43.6530164,-79.3793958,10.040553538461538
412,The Shape of Water,43.6539931,-79.37897799999999,10.040553538461538
413,The Shape of Water,43.2555235,-79.8732005,10.040553538461538
414,The Shape of Water,43.6305989,-79.5294892,10.040553538461538
415,The Shape of Water,51.253775,-85.323214,10.040553538461538
416,The Shape of Water,56.130366,-106.346771,10.040553538461538
417,The Shape of Water,43.6484232,-79.35232409999999,10.040553538461538
418,The Shape of Water,43.7839243,-79.1874065,10.040553538461538
419,The Shape of Water,43.2514058,-79.87290829999999,10.040553538461538
420,The Shape of Water,43.2686766,-79.7872501,10.040553538461538
421,Easy A,34.4480495,-119.242889,9.525090125
422,Easy A,34.4406182,-119.2461981,9.525090125
423,Easy A,34.464602,-119.2370228,9.525090125
424,Easy A,36.778261,-119.4179324,9.525090125
425,Easy A,34.4420379,-119.2659043,9.525090125
426,Easy A,34.4464519,-119.2454151,9.525090125
427,Easy A,34.44953,-119.253175,9.525090125
428,Easy A,34.4471743,-119.2488831,9.525090125
429,Easy A,34.447662,-119.243769,9.525090125
430,Easy A,34.4262781,-119.2846231,9.525090125
431,Easy A,37.09024,-95.712891,9.525090125
432,Easy A,34.4476459,-119.2461239,9.525090125
433,Easy A,34.4486398,-119.2498702,9.525090125
434,Think Like a Man,37.0464855,-95.64769509999999,9.447813666666667
435,Think Like a Man,34.0229833,-118.3955417,9.447813666666667
436,Think Like a Man,34.0230817,-118.3948204,9.447813666666667
437,Think Like a Man,34.0068446,-118.4013141,9.447813666666667
438,Think Like a Man,34.0216065,-118.3969711,9.447813666666667
439,Think Like a Man,34.0543907,-118.2499473,9.447813666666667
440,Think Like a Man,34.0099215,-118.4960063,9.447813666666667
441,Think Like a Man,34.0522342,-118.2436849,9.447813666666667
442,Think Like a Man,34.017707,-118.4014313,9.447813666666667
443,American Sniper,34.2381251,-118.530123,9.436661586206897
444,American Sniper,33.7409861,-118.1047766,9.436661586206897
445,American Sniper,32.792,-115.5630514,9.436661586206897
446,American Sniper,34.0336969,-6.770813800000001,9.436661586206897
447,American Sniper,33.9802893,-118.4517449,9.436661586206897
448,American Sniper,34.1008124,-117.2468314,9.436661586206897
449,American Sniper,34.4699689,-118.4848877,9.436661586206897
450,American Sniper,34.0522342,-118.2436849,9.436661586206897
451,American Sniper,33.1958696,-117.3794834,9.436661586206897
452,American Sniper,33.7398685,-118.1059304,9.436661586206897
453,American Sniper,34.0325191,-118.3750657,9.436661586206897
454,American Sniper,34.3916641,-118.542586,9.436661586206897
455,American Sniper,33.9537469,-118.4126206,9.436661586206897
456,American Sniper,33.9657419,-118.3442772,9.436661586206897
457,American Sniper,34.061907,-118.454024,9.436661586206897
458,American Sniper,34.1154946,-118.1843898,9.436661586206897
459,Hidden Figures,33.6795531,-84.43937240000001,9.27086864
460,Hidden Figures,33.7473412,-84.415528,9.27086864
461,Hidden Figures,34.2367621,-84.4907621,9.27086864
462,Hidden Figures,33.7948364,-83.713229,9.27086864
463,Hidden Figures,33.7489954,-84.3879824,9.27086864
464,Hidden Figures,32.4609764,-84.9877094,9.27086864
465,Hidden Figures,33.5956813,-83.467944,9.27086864
466,Hidden Figures,33.9412127,-84.2135309,9.27086864
467,Hidden Figures,33.7894903,-84.3267716,9.27086864
468,Hidden Figures,33.95260200000001,-84.5499327,9.27086864
469,Ice Age: Continental Drift,41.8781136,-87.6297982,9.26068565263158
470,Manchester by the Sea,42.577834,-70.7675967,9.145160823529412
471,Manchester by the Sea,42.5584283,-70.880049,9.145160823529412
472,Manchester by the Sea,42.46676300000001,-70.9494938,9.145160823529412
473,Manchester by the Sea,42.582067,-70.76624699999999,9.145160823529412
474,Manchester by the Sea,42.5364725,-70.7859975,9.145160823529412
475,Manchester by the Sea,42.5644962,-70.8758405,9.145160823529412
476,Manchester by the Sea,42.6289511,-70.67290670000001,9.145160823529412
477,Manchester by the Sea,42.63195820000001,-70.7829315,9.145160823529412
478,Manchester by the Sea,42.5826377,-70.7698688,9.145160823529412
479,Manchester by the Sea,42.51954,-70.8967155,9.145160823529412
480,Manchester by the Sea,42.6556505,-70.620363,9.145160823529412
481,Manchester by the Sea,42.545454,-70.88063799999999,9.145160823529412
482,Manchester by the Sea,42.6163342,-70.6497018,9.145160823529412
483,Manchester by the Sea,42.5745051,-70.7704167,9.145160823529412
484,Manchester by the Sea,42.5572477,-70.8791767,9.145160823529412
485,Manchester by the Sea,42.5750263,-70.8776663,9.145160823529412
486,Manchester by the Sea,42.6078113,-70.6516158,9.145160823529412
487,Manchester by the Sea,42.6159285,-70.6619888,9.145160823529412
488,Manchester by the Sea,42.2528772,-71.0022705,9.145160823529412
489,Manchester by the Sea,42.648611,-70.5930556,9.145160823529412
490,Manchester by the Sea,42.6162771,-70.65334659999999,9.145160823529412
491,Manchester by the Sea,42.616862,-70.65499249999999,9.145160823529412
492,The Kids Are All Right,34.0522342,-118.2436849,9.06886725
493,The Kids Are All Right,34.1273187,-118.2101144,9.06886725
494,12 Years a Slave,29.960484,-90.063653,9.05126715
495,12 Years a Slave,30.0059865,-90.77226019999999,9.05126715
496,12 Years a Slave,29.7144803,-90.81615590000001,9.05126715
497,12 Years a Slave,30.0059865,-90.77226019999999,9.05126715
498,12 Years a Slave,29.93412829999999,-90.12390769999999,9.05126715
499,12 Years a Slave,29.95106579999999,-90.0715323,9.05126715
500,12 Years a Slave,30.140658,-90.935071,9.05126715
501,12 Years a Slave,29.9348549,-90.06965860000001,9.05126715
502,12 Years a Slave,29.9272176,-90.096144,9.05126715
503,12 Years a Slave,29.9429828,-90.3517469,9.05126715
504,12 Years a Slave,29.9498563,-90.1533281,9.05126715
505,12 Years a Slave,30.9842977,-91.96233269999999,9.05126715
506,12 Years a Slave,37.09024,-95.712891,9.05126715
507,Bridesmaids,42.9991954,-87.9013935,8.911754553846153
508,Bridesmaids,34.1975048,-119.1770516,8.911754553846153
509,Bridesmaids,43.0389025,-87.9064736,8.911754553846153
510,Bridesmaids,43.0121066,-87.924495,8.911754553846153
511,Bridesmaids,43.1074754,-87.9535473,8.911754553846153
512,Bridesmaids,34.2193599,-119.2140775,8.911754553846153
513,Bridesmaids,33.9908299,-118.4704984,8.911754553846153
514,Bridesmaids,34.2739153,-118.4220376,8.911754553846153
515,Bridesmaids,34.1319949,-118.8846631,8.911754553846153
516,Bridesmaids,34.0455701,-118.2509263,8.911754553846153
517,Bridesmaids,33.89861,-118.3270404,8.911754553846153
518,Bridesmaids,34.1440502,-118.0513836,8.911754553846153
519,Bridesmaids,33.7879139,-117.8531007,8.911754553846153
520,Bridesmaids,34.1383176,-118.4864999,8.911754553846153
521,Bridesmaids,34.1791726,-118.4389023,8.911754553846153
522,Bridesmaids,34.0527311,-118.2474087,8.911754553846153
523,Bridesmaids,34.1374076,-118.1700253,8.911754553846153
524,Bridesmaids,34.3731141,-118.5406515,8.911754553846153
525,Bridesmaids,34.3734545,-118.5408795,8.911754553846153
526,Bridesmaids,34.0836571,-118.3193436,8.911754553846153
527,Bridesmaids,34.3916641,-118.542586,8.911754553846153
528,Bridesmaids,41.8781136,-87.6297982,8.911754553846153
529,Bridesmaids,34.3796799,-118.529079,8.911754553846153
530,Bridesmaids,34.0522342,-118.2436849,8.911754553846153
531,The Descendants,22.2033221,-159.4977455,8.77539
532,The Descendants,22.0964396,-159.5261238,8.77539
533,The Descendants,21.9780622,-159.3490126,8.77539
534,The Descendants,21.3069444,-157.8583333,8.77539
535,The Descendants,21.950525,-159.4215815,8.77539
536,The Descendants,37.09024,-95.712891,8.77539
537,The Descendants,19.8967662,-155.5827818,8.77539
538,The Descendants,21.3295847,-157.8527518,8.77539
539,The Descendants,21.3469047,-157.8252622,8.77539
540,The Descendants,21.3374752,-157.8329002,8.77539
541,The Descendants,21.2613844,-157.8209775,8.77539
542,The Descendants,21.2583155,-157.794082,8.77539
543,The Descendants,21.2622478,-157.7897042,8.77539
544,The Descendants,22.2210015,-159.4970711,8.77539
545,The Descendants,21.6308778,-157.9225124,8.77539
546,The Descendants,21.2822932,-157.8310083,8.77539
547,Begin Again,40.7607793,-111.8910474,8.604842
548,Begin Again,40.7409865,-74.0076108,8.604842
549,Begin Again,40.7308838,-73.997332,8.604842
550,Begin Again,40.715033,-73.9842724,8.604842
551,Begin Again,40.6781784,-73.9441579,8.604842
552,Begin Again,40.7501472,-73.9852528,8.604842
553,Begin Again,40.7099616,-73.9898305,8.604842
554,Begin Again,40.7070097,-74.0107831,8.604842
555,Begin Again,40.7185592,-73.9881894,8.604842
556,Begin Again,40.7345371,-73.99032350000002,8.604842
557,Begin Again,40.7398753,-73.9849625,8.604842
558,Begin Again,40.719352,-73.986694,8.604842
559,Project X,34.0522342,-118.2436849,8.585682333333333
560,Project X,34.1578705,-118.3441702,8.585682333333333
561,Jackass 3D,34.3916641,-118.542586,8.58428965
562,No Escape,18.7883439,98.98530079999999,8.5689032
563,No Escape,18.2855395,99.5127895,8.5689032
564,No Escape,18.782898,98.99801699999999,8.5689032
565,No Escape,12.565679,104.990963,8.5689032
566,No Escape,15.870032,100.992541,8.5689032
567,The Help,33.5162315,-90.1795281,8.52480016
568,The Help,32.2987573,-90.1848103,8.52480016
569,The Help,34.2001086,-90.5709323,8.52480016
570,Frozen,34.1555974,-118.3230868,8.483132733333333
571,Frozen,60.47202399999999,8.468945999999999,8.483132733333333
572,The Hunger Games,35.2923513,-81.5356463,8.4740422375
573,The Hunger Games,35.2847473,-82.7270293,8.4740422375
574,The Hunger Games,35.5950581,-82.5514869,8.4740422375
575,The Hunger Games,35.4087517,-80.579511,8.4740422375
576,The Hunger Games,35.2270869,-80.8431267,8.4740422375
577,The Hunger Games,35.7140208,-81.42203339999999,8.4740422375
578,The Hunger Games,35.6633219,-82.34441749999999,8.4740422375
579,The Hunger Games,35.2248305,-80.847842,8.4740422375
580,The Hunger Games,35.6178951,-82.3212302,8.4740422375
581,The Hunger Games,35.7595731,-79.01929969999999,8.4740422375
582,The Hunger Games,35.18997969999999,-82.60345269999999,8.4740422375
583,The Hunger Games,35.7776007,-82.4548124,8.4740422375
584,The Hunger Games,35.1434499,-82.6429035,8.4740422375
585,The Hunger Games,37.09024,-95.712891,8.4740422375
586,Sing,34.0271219,-118.4758485,8.459397186666667
587,Still Alice,40.5889926,-73.6254072,8.3399224
588,Still Alice,41.0145418,-73.87263500000002,8.3399224
589,Still Alice,40.7127753,-74.0059728,8.3399224
590,Still Alice,40.8447819,-73.8648268,8.3399224
591,Still Alice,40.8063886,-73.9643289,8.3399224
592,Still Alice,40.83544,-73.93834799999999,8.3399224
593,The Theory of Everything,52.205337,0.121817,8.221846133333333
594,The Theory of Everything,51.1194484,-0.53061,8.221846133333333
595,The Theory of Everything,50.9327242,0.7960442999999999,8.221846133333333
596,The Theory of Everything,51.3864831,-0.7397096999999999,8.221846133333333
597,The Theory of Everything,51.5725237,-0.3334223000000001,8.221846133333333
598,The Theory of Everything,51.595172,-0.378002,8.221846133333333
599,The Theory of Everything,55.378051,-3.435973,8.221846133333333
600,The Theory of Everything,52.2087167,0.114865,8.221846133333333
601,The Theory of Everything,51.5582128,-0.1946691,8.221846133333333
602,The Theory of Everything,50.9955329,-0.0008927999999999999,8.221846133333333
603,The Theory of Everything,51.6186778,-0.6686586,8.221846133333333
604,The Theory of Everything,51.6341088,-0.6701889999999999,8.221846133333333
605,The Theory of Everything,51.59350790000001,-0.3773117,8.221846133333333
606,The Theory of Everything,51.5129211,-0.1221976,8.221846133333333
607,The Theory of Everything,51.5037763,-0.1391568,8.221846133333333
608,The Theory of Everything,51.4036128,-0.3377623,8.221846133333333
609,The Theory of Everything,51.5085975,-0.3057851,8.221846133333333
610,Winter's Bone,36.6850612,-93.1199012,8.0657755
611,Winter's Bone,36.99764400000001,-93.17796589999999,8.0657755
612,Winter's Bone,36.6576378,-93.0175712,8.0657755
613,Winter's Bone,36.6436731,-93.21851439999999,8.0657755
614,The Artist,34.050604,-118.2478573,8.0160445
615,The Artist,34.0836571,-118.3193436,8.0160445
616,The Artist,34.149365,-118.337742,8.0160445
617,The Artist,34.0602774,-118.325877,8.0160445
618,The Artist,34.0723327,-118.3286614,8.0160445
619,The Artist,34.050838,-118.2483286,8.0160445
620,The Artist,34.1477849,-118.1445155,8.0160445
621,The Artist,34.060063,-118.3279105,8.0160445
622,The Artist,34.0522342,-118.2436849,8.0160445
623,The Artist,34.0861345,-118.3282368,8.0160445
624,The Artist,34.0477241,-118.2547008,8.0160445
625,The Artist,34.0612048,-118.3248513,8.0160445
626,The Artist,34.0425,-118.2555556,8.0160445
627,The Artist,34.078906,-118.3330481,8.0160445
628,The Artist,34.046444,-118.2526466,8.0160445
629,The Artist,34.0852959,-118.3341945,8.0160445
630,The Artist,34.0608516,-118.3337444,8.0160445
631,The Artist,34.060063,-118.3279105,8.0160445
632,The Artist,34.1498032,-118.1834831,8.0160445
633,The Artist,34.1075984,-118.3099625,8.0160445
634,Furious 7,24.453884,54.3773438,7.9932778631578945
635,Furious 7,43.6702312,-79.38676339999999,7.9932778631578945
636,Furious 7,38.9938808,-105.0569301,7.9932778631578945
637,Furious 7,33.7489954,-84.3879824,7.9932778631578945
638,Furious 7,38.86115789999999,-105.1726816,7.9932778631578945
639,Furious 7,33.656228,-83.718231,7.9932778631578945
640,Furious 7,34.3916641,-118.542586,7.9932778631578945
641,Furious 7,33.9190653,-84.01674229999999,7.9932778631578945
642,Furious 7,33.748535,-84.37298969999999,7.9932778631578945
643,Furious 7,33.9412127,-84.2135309,7.9932778631578945
644,Furious 7,33.5571944,-84.375233,7.9932778631578945
645,Furious 7,34.0522342,-118.2436849,7.9932778631578945
646,Furious 7,19.8473452,-71.6406361,7.9932778631578945
647,Furious 7,40.143105,47.576927,7.9932778631578945
648,Furious 7,34.13811680000001,-118.3533783,7.9932778631578945
649,Furious 7,34.13811680000001,-118.3533783,7.9932778631578945
650,Furious 7,34.4313674,-118.5780217,7.9932778631578945
651,Furious 7,34.4551645,-118.5801816,7.9932778631578945
652,Furious 7,34.13811680000001,-118.3533783,7.9932778631578945
653,Furious 7,34.0375246,-118.4418971,7.9932778631578945
654,Furious 7,34.0259216,-118.7797571,7.9932778631578945
655,Furious 7,34.0688724,-118.2514517,7.9932778631578945
656,Furious 7,33.7666873,-116.3591772,7.9932778631578945
657,Furious 7,34.869957,-118.264432,7.9932778631578945
658,Furious 7,35.125801,-117.9859038,7.9932778631578945
659,Crazy Rich Asians,6.35,99.8,7.936657033333334
660,Crazy Rich Asians,5.4163935,100.3326786,7.936657033333334
661,Crazy Rich Asians,1.3119888,103.8395742,7.936657033333334
662,Crazy Rich Asians,1.2948829,103.8544791,7.936657033333334
663,Crazy Rich Asians,3.1416951,101.6819576,7.936657033333334
664,Crazy Rich Asians,1.2955624,103.8520086,7.936657033333334
665,Crazy Rich Asians,1.2821333,103.8586374,7.936657033333334
666,Crazy Rich Asians,3.1367672,101.6889156,7.936657033333334
667,Crazy Rich Asians,6.44642,99.807966,7.936657033333334
668,Crazy Rich Asians,1.279336,103.8406052,7.936657033333334
669,Crazy Rich Asians,1.2494041,103.8303209,7.936657033333334
670,Crazy Rich Asians,1.2815683,103.8636132,7.936657033333334
671,Crazy Rich Asians,5.4215027,100.3348437,7.936657033333334
672,Crazy Rich Asians,3.101576,101.6782183,7.936657033333334
673,Crazy Rich Asians,3.0567333,101.5851192,7.936657033333334
674,Crazy Rich Asians,49.1283688,-123.0975648,7.936657033333334
675,Beauty and the Beast,51.4078228,-0.4660922,7.8699981625
676,Beauty and the Beast,51.5073509,-0.1277583,7.8699981625
677,Beauty and the Beast,51.8070446,-0.5935157999999999,7.8699981625
678,Beauty and the Beast,52.3555177,-1.1743197,7.8699981625
679,Beauty and the Beast,55.378051,-3.435973,7.8699981625
680,Beauty and the Beast,51.4078228,-0.4660922,7.8699981625
681,Beauty and the Beast,51.4078228,-0.4660922,7.8699981625
682,Beauty and the Beast,51.4078228,-0.4660922,7.8699981625
683,Beauty and the Beast,51.4078228,-0.4660922,7.8699981625
684,Beauty and the Beast,51.4078228,-0.4660922,7.8699981625
685,Beauty and the Beast,51.4078228,-0.4660922,7.8699981625
686,Beauty and the Beast,51.4078228,-0.4660922,7.8699981625
687,Beauty and the Beast,51.4078228,-0.4660922,7.8699981625
688,Beauty and the Beast,51.4078228,-0.4660922,7.8699981625
689,Lady Bird,38.5815719,-121.4943996,7.8610769
690,Lady Bird,38.6104563,-121.4573125,7.8610769
691,Lady Bird,38.5663692,-121.4497022,7.8610769
692,Lady Bird,34.1161196,-118.1503488,7.8610769
693,Lady Bird,38.5746559,-121.4614613,7.8610769
694,Lady Bird,39.042494,-94.590823,7.8610769
695,Lady Bird,34.1659526,-118.0666939,7.8610769
696,Lady Bird,34.1921263,-118.4709804,7.8610769
697,Lady Bird,38.5710796,-121.4765879,7.8610769
698,Lady Bird,40.734514,-73.99495189999999,7.8610769
699,Lady Bird,34.1097728,-118.1544073,7.8610769
700,Lady Bird,40.7127753,-74.0059728,7.8610769
701,Lady Bird,38.6950854,-121.5900648,7.8610769
702,Lady Bird,34.0522342,-118.2436849,7.8610769
703,Lady Bird,38.5720086,-121.4630052,7.8610769
704,Lady Bird,38.5815719,-121.4943996,7.8610769
705,Lady Bird,34.0522342,-118.2436849,7.8610769
706,Lady Bird,40.7127753,-74.0059728,7.8610769
707,Lady Bird,40.7127753,-74.0059728,7.8610769
708,Lady Bird,37.09024,-95.712891,7.8610769
709,Lady Bird,36.778261,-119.4179324,7.8610769
710,Before Midnight,36.995905,21.65081,7.7506433333333336
711,Before Midnight,36.8870432,22.2329977,7.7506433333333336
712,Before Midnight,36.8785903,22.2401646,7.7506433333333336
713,Before Midnight,37.1424653,21.9522491,7.7506433333333336
714,Before Midnight,36.91307560000001,21.6963472,7.7506433333333336
715,Before Midnight,37.0548554,22.0341194,7.7506433333333336
716,Before Midnight,39.074208,21.824312,7.7506433333333336
717,Jurassic World,21.5206575,-157.8372609,7.669092390697674
718,Jurassic World,29.95106579999999,-90.0715323,7.669092390697674
719,Jurassic World,22.1970999,-159.3969976,7.669092390697674
720,Jurassic World,21.3420389,-157.7992015,7.669092390697674
721,Jurassic World,22.0706522,-159.4961272,7.669092390697674
722,Jurassic World,21.9219444,-159.5094444,7.669092390697674
723,Jurassic World,30.9842977,-91.96233269999999,7.669092390697674
724,Jurassic World,21.9882298,-159.5258259,7.669092390697674
725,Jurassic World,21.9222222,-159.6286111,7.669092390697674
726,Jurassic World,21.2710896,-157.8214785,7.669092390697674
727,Jurassic World,22.1970999,-159.3969976,7.669092390697674
728,Jurassic World,21.4389123,-158.0000565,7.669092390697674
729,Jurassic World,29.9910905,-90.2592299,7.669092390697674
730,Jurassic World,22.1667399,-159.6392441,7.669092390697674
731,Jurassic World,21.3069444,-157.8583333,7.669092390697674
732,Jurassic World,21.29024,-157.8364238,7.669092390697674
733,Jurassic World,19.8967662,-155.5827818,7.669092390697674
734,Jurassic World,38.083403,-122.7633036,7.669092390697674
735,Jurassic World,37.09024,-95.712891,7.669092390697674
736,Jurassic World,40.7127753,-74.0059728,7.669092390697674
737,Jurassic World,22.0964396,-159.5261238,7.669092390697674
738,Jurassic World,30.0049609,-90.032378,7.669092390697674
739,The Lego Movie,-33.8930422,151.2238806,7.628823133333333
740,The Lego Movie,40.7127753,-74.0059728,7.628823133333333
741,The Lego Movie,42.3600825,-71.0588801,7.628823133333333
742,Don Jon,40.8859325,-74.0434736,7.503378
743,Don Jon,34.18608469999999,-118.3991241,7.503378
744,Don Jon,34.0522342,-118.2436849,7.503378
745,Don Jon,34.0872692,-118.2924734,7.503378
746,Don Jon,34.0723327,-118.3286614,7.503378
747,Don Jon,34.2011016,-118.5005657,7.503378
748,About Time,50.219505,-4.8909921,7.4424315
749,About Time,51.5160125,-0.2090148,7.4424315
750,About Time,50.32118500000001,-4.770042999999999,7.4424315
751,About Time,51.5053011,-0.114712,7.4424315
752,About Time,51.52987779999999,-0.1857278,7.4424315
753,About Time,51.5166744,-0.1769328,7.4424315
754,About Time,51.5354361,-0.1812038,7.4424315
755,About Time,51.5353705,-0.2023924,7.4424315
756,About Time,51.5214641,-0.2093871,7.4424315
757,About Time,50.26604709999999,-5.0527125,7.4424315
758,About Time,51.5366922,-0.1992248,7.4424315
759,About Time,50.2400767,-5.0048993,7.4424315
760,About Time,51.5136609,-0.1132125,7.4424315
761,About Time,51.5156073,-0.1178205,7.4424315
762,About Time,51.50205949999999,-0.1093125,7.4424315
763,About Time,51.4935775,-0.1886787,7.4424315
764,About Time,51.5113347,-0.1831026,7.4424315
765,About Time,51.5072194,-0.1143667,7.4424315
766,About Time,51.5073509,-0.1277583,7.4424315
767,About Time,51.5134057,-0.1384203,7.4424315
768,Venom,33.7489954,-84.3879824,7.358867284482758
769,Venom,37.7749295,-122.4194155,7.358867284482758
770,Venom,37.799849,-122.4044062,7.358867284482758
771,Venom,36.778261,-119.4179324,7.358867284482758
772,Venom,32.1656221,-82.9000751,7.358867284482758
773,Venom,37.09024,-95.712891,7.358867284482758
774,Venom,40.7127753,-74.0059728,7.358867284482758
775,The Butterfly Effect,34.0736204,-118.4003563,7.356814769230769
